<?xml version="1.0" encoding="utf-8"?>
<project name="release" default="release">
	<property name="project.name" value="type_name"/>
	<property name="project.version" value="0.0.0"/>
	<property name="project.package" value="${project.name}_${project.version}"/>
	<taskdef name="release" classname="release"/>
	<target name="release">
		<echo>Prepare Release</echo>
		<echo>Name: ${project.name}</echo>
		<echo>Version: ${project.version}</echo>
		<echo>Package: ${project.package}.zip</echo>
		<phingcall target="change version" />
		<phingcall target="package" />
	</target>
	<target name="get name">
		<echo>Name: ${project.name}</echo>
	</target>
	<target name="get version">
		<echo>Version: ${project.version}</echo>
	</target>
	<target name="get package">
		<echo>Package: ${project.package}.zip</echo>
	</target>
	<target name="change version">
		<release task="changeVersion" version="${project.version}" title="Change version to "/>
	</target>
	<target name="package">
		<echo>Package ${project.version}</echo>
		<delete file="../.packages/${project.package}.zip"/>
		<zip destfile="../.packages/${project.package}.zip">
			<fileset dir="../">
				<include name="**"/>
				<exclude name=".backups/"/>
				<exclude name=".idea/"/>
				<exclude name=".packages/"/>
				<exclude name=".phing/"/>
				<exclude name=".gitignore"/>
				<exclude name="LICENSE"/>
				<exclude name="*.md"/>
			</fileset>
		</zip>
	</target>
</project>