<?xml version="1.0" encoding="utf-8"?>
<project name="Phing Projects Tasks" default="1. Info">
	<!--
		@property  name     Project name (etc type_name)
		@property  release  Release version (etc 1.0.0)
		@property  root     Base project Directory (etc ...)

		@task  Info             Phing info show
		@task  Prepare release  Change version to release version and set current creation date
		@task  Package release  Package release version
		@task  Reset for dev    Change version variables to developer version
		@task  Package dev      Package developer version
	-->
	<property name="name" value="type_name"/>
	<property name="version" value="0.0.0"/>
	<property name="root" value=".."/>
	<taskdef name="project" classname="ProjectTask"/>
	<target name="1. Info" description="Phing info show">
		<project action="info" name="${name}" version="${version}" root="${root}"/>
	</target>
	<target name="2. Prepare release" description="Change version to release version and set current creation date">
		<project action="prepareRelease" name="${name}" version="${version}" root="${root}"/>
	</target>
	<target name="3. Package release" description="Package release version">
		<project action="packageRelease" name="${name}" version="${version}" root="${root}"/>
	</target>
	<target name="4. Reset since" description="Change since variables to developer version">
		<project action="resetSince" name="${name}" version="${version}" root="${root}"/>
	</target>
	<target name="5. Reset to dev" description="Change version variables to developer version">
		<project action="prepareDev" name="${name}" version="${version}" root="${root}"/>
	</target>
	<target name="6. Package dev" description="Package developer version">
		<project action="packageDev" name="${name}" version="${version}" root="${root}"/>
	</target>
</project>